"1";"jad";"jad@hmh.com";"lolilol"
"2";"jad";"jad@hmh.com";"lolilol"
"3";"jad";"azde@ef.com";"ezfeafz"
"4";"faze";"root@vzhio.com";"root"
"5";"lol";"root@vojzs.com";"root"
"6";"rvzv";"root@vojzs.com";"zevpiozi"
"7";"jean";"test@gmail.com";"test"
"8";"dabi";"test@gmail.com";"testt"
"9";"jean";"test@gmail.com";"testets"
"10";"salut";"test@gmail.com";"vdr"
"11";"salutsalut";"salut@salut";"djfoezfezfze"
"12";"testjean";"test@gmail.com";"cjekfjezoife"
"13";"testjean";"test@gmail.com";"cjekfjezoife"
"14";"arthur";"root@root";"cnzkfo"""""
"15";"edouard";"root@root";"cndjkozcheoz"
